<?xml version="1.0" encoding="UTF-8"?>

<root>
  <map key="db" value="pinyougoudb"/>
  <map key="author" value="hly"/>
  <map key="project" value="pinyougou"/>
  <map key="path_3" value="sellergoods"/>
  <map key="dbpassword" value="1234"/>
  <map key="path_2" value="pinyougou"/>
  <map key="projectComment" value="\u54c1\u4f18\u8d2d"/>
  <map key="package" value="com.pinyougou.sellergoods"/>
  <map key="path_1" value="com"/>
  <map key="dbuser" value="root"/>
  <map key="path_all" value="com/pinyougou/sellergoods"/>
</root>
